{"data":[{"Properties":{"domain":"OSCP.EXAM","name":"DEFAULT DOMAIN CONTROLLERS POLICY@OSCP.EXAM","distinguishedname":"CN={6AC1786C-016F-11D2-945F-00C04FB984F9},CN=POLICIES,CN=SYSTEM,DC=OSCP,DC=EXAM","domainsid":"S-1-5-21-2481101513-2954867870-2660283483","doesanyacegrantownerrights":false,"doesanyinheritedacegrantownerrights":false,"isaclprotected":true,"whencreated":1728472916,"gpcpath":"\\\\OSCP.EXAM\\SYSVOL\\OSCP.EXAM\\POLICIES\\{6AC1786C-016F-11D2-945F-00C04FB984F9}"},"Aces":[{"PrincipalSID":"S-1-5-21-2481101513-2954867870-2660283483-512","PrincipalType":"Group","RightName":"Owns","IsInherited":false,"InheritanceHash":""},{"PrincipalSID":"S-1-5-21-2481101513-2954867870-2660283483-512","PrincipalType":"Group","RightName":"WriteDacl","IsInherited":false,"InheritanceHash":""},{"PrincipalSID":"S-1-5-21-2481101513-2954867870-2660283483-512","PrincipalType":"Group","RightName":"WriteOwner","IsInherited":false,"InheritanceHash":""},{"PrincipalSID":"S-1-5-21-2481101513-2954867870-2660283483-512","PrincipalType":"Group","RightName":"GenericWrite","IsInherited":false,"InheritanceHash":""},{"PrincipalSID":"S-1-5-21-2481101513-2954867870-2660283483-512","PrincipalType":"Group","RightName":"WriteDacl","IsInherited":false,"InheritanceHash":""},{"PrincipalSID":"S-1-5-21-2481101513-2954867870-2660283483-512","PrincipalType":"Group","RightName":"WriteOwner","IsInherited":false,"InheritanceHash":""},{"PrincipalSID":"S-1-5-21-2481101513-2954867870-2660283483-512","PrincipalType":"Group","RightName":"GenericWrite","IsInherited":false,"InheritanceHash":""},{"PrincipalSID":"S-1-5-21-2481101513-2954867870-2660283483-519","PrincipalType":"Group","RightName":"WriteDacl","IsInherited":false,"InheritanceHash":""},{"PrincipalSID":"S-1-5-21-2481101513-2954867870-2660283483-519","PrincipalType":"Group","RightName":"WriteOwner","IsInherited":false,"InheritanceHash":""},{"PrincipalSID":"S-1-5-21-2481101513-2954867870-2660283483-519","PrincipalType":"Group","RightName":"GenericWrite","IsInherited":false,"InheritanceHash":""}],"ObjectIdentifier":"F854998F-CE49-4A1A-A706-5EAACDB0EFCA","IsDeleted":false,"IsACLProtected":true,"ContainedBy":null},{"Properties":{"domain":"OSCP.EXAM","name":"DEFAULT DOMAIN POLICY@OSCP.EXAM","distinguishedname":"CN={31B2F340-016D-11D2-945F-00C04FB984F9},CN=POLICIES,CN=SYSTEM,DC=OSCP,DC=EXAM","domainsid":"S-1-5-21-2481101513-2954867870-2660283483","doesanyacegrantownerrights":false,"doesanyinheritedacegrantownerrights":false,"isaclprotected":true,"whencreated":1728472916,"gpcpath":"\\\\OSCP.EXAM\\SYSVOL\\OSCP.EXAM\\POLICIES\\{31B2F340-016D-11D2-945F-00C04FB984F9}"},"Aces":[{"PrincipalSID":"S-1-5-21-2481101513-2954867870-2660283483-512","PrincipalType":"Group","RightName":"Owns","IsInherited":false,"InheritanceHash":""},{"PrincipalSID":"S-1-5-21-2481101513-2954867870-2660283483-512","PrincipalType":"Group","RightName":"WriteDacl","IsInherited":false,"InheritanceHash":""},{"PrincipalSID":"S-1-5-21-2481101513-2954867870-2660283483-512","PrincipalType":"Group","RightName":"WriteOwner","IsInherited":false,"InheritanceHash":""},{"PrincipalSID":"S-1-5-21-2481101513-2954867870-2660283483-512","PrincipalType":"Group","RightName":"GenericWrite","IsInherited":false,"InheritanceHash":""},{"PrincipalSID":"S-1-5-21-2481101513-2954867870-2660283483-512","PrincipalType":"Group","RightName":"WriteDacl","IsInherited":false,"InheritanceHash":""},{"PrincipalSID":"S-1-5-21-2481101513-2954867870-2660283483-512","PrincipalType":"Group","RightName":"WriteOwner","IsInherited":false,"InheritanceHash":""},{"PrincipalSID":"S-1-5-21-2481101513-2954867870-2660283483-512","PrincipalType":"Group","RightName":"GenericWrite","IsInherited":false,"InheritanceHash":""},{"PrincipalSID":"S-1-5-21-2481101513-2954867870-2660283483-519","PrincipalType":"Group","RightName":"WriteDacl","IsInherited":false,"InheritanceHash":""},{"PrincipalSID":"S-1-5-21-2481101513-2954867870-2660283483-519","PrincipalType":"Group","RightName":"WriteOwner","IsInherited":false,"InheritanceHash":""},{"PrincipalSID":"S-1-5-21-2481101513-2954867870-2660283483-519","PrincipalType":"Group","RightName":"GenericWrite","IsInherited":false,"InheritanceHash":""}],"ObjectIdentifier":"74A38D8E-0A81-4402-8D46-8EF19D85D2B7","IsDeleted":false,"IsACLProtected":true,"ContainedBy":null},{"Properties":{"domain":"OSCP.EXAM","name":"LOCALADMINACCESS-GPO@OSCP.EXAM","distinguishedname":"CN={26FD9D29-21AB-425D-9346-69B242077F99},CN=POLICIES,CN=SYSTEM,DC=OSCP,DC=EXAM","domainsid":"S-1-5-21-2481101513-2954867870-2660283483","doesanyacegrantownerrights":false,"doesanyinheritedacegrantownerrights":false,"isaclprotected":true,"whencreated":1728473460,"gpcpath":"\\\\OSCP.EXAM\\SYSVOL\\OSCP.EXAM\\POLICIES\\{26FD9D29-21AB-425D-9346-69B242077F99}"},"Aces":[{"PrincipalSID":"S-1-5-21-2481101513-2954867870-2660283483-512","PrincipalType":"Group","RightName":"Owns","IsInherited":false,"InheritanceHash":""},{"PrincipalSID":"S-1-5-21-2481101513-2954867870-2660283483-512","PrincipalType":"Group","RightName":"WriteDacl","IsInherited":false,"InheritanceHash":""},{"PrincipalSID":"S-1-5-21-2481101513-2954867870-2660283483-512","PrincipalType":"Group","RightName":"WriteOwner","IsInherited":false,"InheritanceHash":""},{"PrincipalSID":"S-1-5-21-2481101513-2954867870-2660283483-512","PrincipalType":"Group","RightName":"GenericWrite","IsInherited":false,"InheritanceHash":""},{"PrincipalSID":"S-1-5-21-2481101513-2954867870-2660283483-519","PrincipalType":"Group","RightName":"WriteDacl","IsInherited":false,"InheritanceHash":""},{"PrincipalSID":"S-1-5-21-2481101513-2954867870-2660283483-519","PrincipalType":"Group","RightName":"WriteOwner","IsInherited":false,"InheritanceHash":""},{"PrincipalSID":"S-1-5-21-2481101513-2954867870-2660283483-519","PrincipalType":"Group","RightName":"GenericWrite","IsInherited":false,"InheritanceHash":""}],"ObjectIdentifier":"2D29B82E-DFD9-48FE-AE7D-EF2C5B6A58DD","IsDeleted":false,"IsACLProtected":true,"ContainedBy":null},{"Properties":{"domain":"OSCP.EXAM","name":"WINRM-GPO@OSCP.EXAM","distinguishedname":"CN={6A3D702F-AAC4-474B-89F6-10B7D3C20248},CN=POLICIES,CN=SYSTEM,DC=OSCP,DC=EXAM","domainsid":"S-1-5-21-2481101513-2954867870-2660283483","doesanyacegrantownerrights":false,"doesanyinheritedacegrantownerrights":false,"isaclprotected":true,"whencreated":1728473460,"gpcpath":"\\\\OSCP.EXAM\\SYSVOL\\OSCP.EXAM\\POLICIES\\{6A3D702F-AAC4-474B-89F6-10B7D3C20248}"},"Aces":[{"PrincipalSID":"S-1-5-21-2481101513-2954867870-2660283483-512","PrincipalType":"Group","RightName":"Owns","IsInherited":false,"InheritanceHash":""},{"PrincipalSID":"S-1-5-21-2481101513-2954867870-2660283483-512","PrincipalType":"Group","RightName":"WriteDacl","IsInherited":false,"InheritanceHash":""},{"PrincipalSID":"S-1-5-21-2481101513-2954867870-2660283483-512","PrincipalType":"Group","RightName":"WriteOwner","IsInherited":false,"InheritanceHash":""},{"PrincipalSID":"S-1-5-21-2481101513-2954867870-2660283483-512","PrincipalType":"Group","RightName":"GenericWrite","IsInherited":false,"InheritanceHash":""},{"PrincipalSID":"S-1-5-21-2481101513-2954867870-2660283483-519","PrincipalType":"Group","RightName":"WriteDacl","IsInherited":false,"InheritanceHash":""},{"PrincipalSID":"S-1-5-21-2481101513-2954867870-2660283483-519","PrincipalType":"Group","RightName":"WriteOwner","IsInherited":false,"InheritanceHash":""},{"PrincipalSID":"S-1-5-21-2481101513-2954867870-2660283483-519","PrincipalType":"Group","RightName":"GenericWrite","IsInherited":false,"InheritanceHash":""}],"ObjectIdentifier":"05C3BE74-DCF6-4151-8ED4-E11DA87F75EF","IsDeleted":false,"IsACLProtected":true,"ContainedBy":null},{"Properties":{"domain":"OSCP.EXAM","name":"RDP-GPO@OSCP.EXAM","distinguishedname":"CN={3C32C10F-1BF8-45DB-8A78-7A91E2B82B06},CN=POLICIES,CN=SYSTEM,DC=OSCP,DC=EXAM","domainsid":"S-1-5-21-2481101513-2954867870-2660283483","doesanyacegrantownerrights":false,"doesanyinheritedacegrantownerrights":false,"isaclprotected":true,"whencreated":1728473460,"gpcpath":"\\\\OSCP.EXAM\\SYSVOL\\OSCP.EXAM\\POLICIES\\{3C32C10F-1BF8-45DB-8A78-7A91E2B82B06}"},"Aces":[{"PrincipalSID":"S-1-5-21-2481101513-2954867870-2660283483-512","PrincipalType":"Group","RightName":"Owns","IsInherited":false,"InheritanceHash":""},{"PrincipalSID":"S-1-5-21-2481101513-2954867870-2660283483-512","PrincipalType":"Group","RightName":"WriteDacl","IsInherited":false,"InheritanceHash":""},{"PrincipalSID":"S-1-5-21-2481101513-2954867870-2660283483-512","PrincipalType":"Group","RightName":"WriteOwner","IsInherited":false,"InheritanceHash":""},{"PrincipalSID":"S-1-5-21-2481101513-2954867870-2660283483-512","PrincipalType":"Group","RightName":"GenericWrite","IsInherited":false,"InheritanceHash":""},{"PrincipalSID":"S-1-5-21-2481101513-2954867870-2660283483-519","PrincipalType":"Group","RightName":"WriteDacl","IsInherited":false,"InheritanceHash":""},{"PrincipalSID":"S-1-5-21-2481101513-2954867870-2660283483-519","PrincipalType":"Group","RightName":"WriteOwner","IsInherited":false,"InheritanceHash":""},{"PrincipalSID":"S-1-5-21-2481101513-2954867870-2660283483-519","PrincipalType":"Group","RightName":"GenericWrite","IsInherited":false,"InheritanceHash":""}],"ObjectIdentifier":"98E77056-C156-4ECE-8802-307A1861F9BA","IsDeleted":false,"IsACLProtected":true,"ContainedBy":null},{"Properties":{"domain":"OSCP.EXAM","name":"OU-GPO@OSCP.EXAM","distinguishedname":"CN={A8CF2A8F-AB92-4167-9E04-62FC66C27EAE},CN=POLICIES,CN=SYSTEM,DC=OSCP,DC=EXAM","domainsid":"S-1-5-21-2481101513-2954867870-2660283483","doesanyacegrantownerrights":false,"doesanyinheritedacegrantownerrights":false,"isaclprotected":true,"whencreated":1728473460,"gpcpath":"\\\\OSCP.EXAM\\SYSVOL\\OSCP.EXAM\\POLICIES\\{A8CF2A8F-AB92-4167-9E04-62FC66C27EAE}"},"Aces":[{"PrincipalSID":"S-1-5-21-2481101513-2954867870-2660283483-512","PrincipalType":"Group","RightName":"Owns","IsInherited":false,"InheritanceHash":""},{"PrincipalSID":"S-1-5-21-2481101513-2954867870-2660283483-512","PrincipalType":"Group","RightName":"WriteDacl","IsInherited":false,"InheritanceHash":""},{"PrincipalSID":"S-1-5-21-2481101513-2954867870-2660283483-512","PrincipalType":"Group","RightName":"WriteOwner","IsInherited":false,"InheritanceHash":""},{"PrincipalSID":"S-1-5-21-2481101513-2954867870-2660283483-512","PrincipalType":"Group","RightName":"GenericWrite","IsInherited":false,"InheritanceHash":""},{"PrincipalSID":"S-1-5-21-2481101513-2954867870-2660283483-519","PrincipalType":"Group","RightName":"WriteDacl","IsInherited":false,"InheritanceHash":""},{"PrincipalSID":"S-1-5-21-2481101513-2954867870-2660283483-519","PrincipalType":"Group","RightName":"WriteOwner","IsInherited":false,"InheritanceHash":""},{"PrincipalSID":"S-1-5-21-2481101513-2954867870-2660283483-519","PrincipalType":"Group","RightName":"GenericWrite","IsInherited":false,"InheritanceHash":""}],"ObjectIdentifier":"C91FAD75-26D1-4C1B-BF46-18D4116B11BC","IsDeleted":false,"IsACLProtected":true,"ContainedBy":null},{"Properties":{"domain":"OSCP.EXAM","name":"WS-GPO@OSCP.EXAM","distinguishedname":"CN={15DBA1A6-9352-4857-A726-250511B9C528},CN=POLICIES,CN=SYSTEM,DC=OSCP,DC=EXAM","domainsid":"S-1-5-21-2481101513-2954867870-2660283483","doesanyacegrantownerrights":false,"doesanyinheritedacegrantownerrights":false,"isaclprotected":true,"whencreated":1728473460,"gpcpath":"\\\\OSCP.EXAM\\SYSVOL\\OSCP.EXAM\\POLICIES\\{15DBA1A6-9352-4857-A726-250511B9C528}"},"Aces":[{"PrincipalSID":"S-1-5-21-2481101513-2954867870-2660283483-512","PrincipalType":"Group","RightName":"Owns","IsInherited":false,"InheritanceHash":""},{"PrincipalSID":"S-1-5-21-2481101513-2954867870-2660283483-512","PrincipalType":"Group","RightName":"WriteDacl","IsInherited":false,"InheritanceHash":""},{"PrincipalSID":"S-1-5-21-2481101513-2954867870-2660283483-512","PrincipalType":"Group","RightName":"WriteOwner","IsInherited":false,"InheritanceHash":""},{"PrincipalSID":"S-1-5-21-2481101513-2954867870-2660283483-512","PrincipalType":"Group","RightName":"GenericWrite","IsInherited":false,"InheritanceHash":""},{"PrincipalSID":"S-1-5-21-2481101513-2954867870-2660283483-519","PrincipalType":"Group","RightName":"WriteDacl","IsInherited":false,"InheritanceHash":""},{"PrincipalSID":"S-1-5-21-2481101513-2954867870-2660283483-519","PrincipalType":"Group","RightName":"WriteOwner","IsInherited":false,"InheritanceHash":""},{"PrincipalSID":"S-1-5-21-2481101513-2954867870-2660283483-519","PrincipalType":"Group","RightName":"GenericWrite","IsInherited":false,"InheritanceHash":""}],"ObjectIdentifier":"0FD837B6-F97C-425E-86EF-F402C12A66B4","IsDeleted":false,"IsACLProtected":true,"ContainedBy":null},{"Properties":{"domain":"OSCP.EXAM","name":"SRV-GPO@OSCP.EXAM","distinguishedname":"CN={18B8F74A-2AA5-4FB9-A69F-7F362AA9FB96},CN=POLICIES,CN=SYSTEM,DC=OSCP,DC=EXAM","domainsid":"S-1-5-21-2481101513-2954867870-2660283483","doesanyacegrantownerrights":false,"doesanyinheritedacegrantownerrights":false,"isaclprotected":true,"whencreated":1728473460,"gpcpath":"\\\\OSCP.EXAM\\SYSVOL\\OSCP.EXAM\\POLICIES\\{18B8F74A-2AA5-4FB9-A69F-7F362AA9FB96}"},"Aces":[{"PrincipalSID":"S-1-5-21-2481101513-2954867870-2660283483-512","PrincipalType":"Group","RightName":"Owns","IsInherited":false,"InheritanceHash":""},{"PrincipalSID":"S-1-5-21-2481101513-2954867870-2660283483-512","PrincipalType":"Group","RightName":"WriteDacl","IsInherited":false,"InheritanceHash":""},{"PrincipalSID":"S-1-5-21-2481101513-2954867870-2660283483-512","PrincipalType":"Group","RightName":"WriteOwner","IsInherited":false,"InheritanceHash":""},{"PrincipalSID":"S-1-5-21-2481101513-2954867870-2660283483-512","PrincipalType":"Group","RightName":"GenericWrite","IsInherited":false,"InheritanceHash":""},{"PrincipalSID":"S-1-5-21-2481101513-2954867870-2660283483-519","PrincipalType":"Group","RightName":"WriteDacl","IsInherited":false,"InheritanceHash":""},{"PrincipalSID":"S-1-5-21-2481101513-2954867870-2660283483-519","PrincipalType":"Group","RightName":"WriteOwner","IsInherited":false,"InheritanceHash":""},{"PrincipalSID":"S-1-5-21-2481101513-2954867870-2660283483-519","PrincipalType":"Group","RightName":"GenericWrite","IsInherited":false,"InheritanceHash":""}],"ObjectIdentifier":"8D45158F-C1A3-4689-BBFF-75A8833E7194","IsDeleted":false,"IsACLProtected":true,"ContainedBy":null}],"meta":{"methods":7107563,"type":"gpos","count":8,"version":6,"collectorversion":"2.6.0.0"}}