{"data":[{"Properties":{"domain":"OSCP.EXAM","name":"SRV22.OSCP.EXAM","distinguishedname":"CN=SRV22,CN=COMPUTERS,DC=OSCP,DC=EXAM","domainsid":"S-1-5-21-2481101513-2954867870-2660283483","samaccountname":"SRV22$","haslaps":false,"doesanyacegrantownerrights":false,"doesanyinheritedacegrantownerrights":false,"isaclprotected":false,"whencreated":1728473779,"enabled":true,"unconstraineddelegation":false,"trustedtoauth":false,"isdc":false,"encryptedtextpwdallowed":false,"usedeskeyonly":false,"logonscriptenabled":false,"lockedout":false,"passwordexpired":false,"supportedencryptiontypes":["RC4-HMAC-MD5","AES128-CTS-HMAC-SHA1-96","AES256-CTS-HMAC-SHA1-96"],"lastlogon":1741910391,"lastlogontimestamp":1741906038,"pwdlastset":1741906039,"serviceprincipalnames":["TERMSRV/SRV22","TERMSRV/SRV22.oscp.exam","MSSQLSvc/SRV22.oscp.exam:1433","MSSQLSvc/SRV22.oscp.exam","WSMAN/SRV22","WSMAN/SRV22.oscp.exam","RestrictedKrbHost/SRV22","HOST/SRV22","RestrictedKrbHost/SRV22.oscp.exam","HOST/SRV22.oscp.exam"],"email":null,"useraccountcontrol":4096,"operatingsystem":"Windows Server 2019 Standard","sidhistory":[]},"PrimaryGroupSID":"S-1-5-21-2481101513-2954867870-2660283483-515","AllowedToDelegate":[],"AllowedToAct":[],"HasSIDHistory":[],"DumpSMSAPassword":[],"Sessions":{"Results":[],"Collected":false,"FailureReason":"ErrorAccessDenied"},"PrivilegedSessions":{"Results":[],"Collected":false,"FailureReason":null},"RegistrySessions":{"Results":[],"Collected":false,"FailureReason":null},"LocalGroups":[],"UserRights":[],"DCRegistryData":{"CertificateMappingMethods":null,"StrongCertificateBindingEnforcement":null},"Status":null,"IsDC":false,"UnconstrainedDelegation":false,"DomainSID":"S-1-5-21-2481101513-2954867870-2660283483","IsWebClientRunning":{"Result":false,"Collected":true,"FailureReason":null},"SmbInfo":{"Result":{"SigningEnabled":false,"OsVersion":"10.0","OsBuild":"17763","DnsComputerName":"SRV22.oscp.exam"},"Collected":true,"FailureReason":null},"NtlmSessions":null,"NTLMRegistryData":null,"Aces":[{"PrincipalSID":"S-1-5-21-2481101513-2954867870-2660283483-512","PrincipalType":"Group","RightName":"Owns","IsInherited":false,"InheritanceHash":""},{"PrincipalSID":"OSCP.EXAM-S-1-5-32-548","PrincipalType":"Group","RightName":"GenericAll","IsInherited":false,"InheritanceHash":""},{"PrincipalSID":"S-1-5-21-2481101513-2954867870-2660283483-512","PrincipalType":"Group","RightName":"GenericAll","IsInherited":false,"InheritanceHash":""},{"PrincipalSID":"S-1-5-21-2481101513-2954867870-2660283483-512","PrincipalType":"Group","RightName":"WriteAccountRestrictions","IsInherited":false,"InheritanceHash":""},{"PrincipalSID":"S-1-5-21-2481101513-2954867870-2660283483-526","PrincipalType":"Group","RightName":"AddKeyCredentialLink","IsInherited":true,"InheritanceHash":"3B707254F8B5E19B9CF48937B62E43CEF3426821"},{"PrincipalSID":"S-1-5-21-2481101513-2954867870-2660283483-527","PrincipalType":"Group","RightName":"AddKeyCredentialLink","IsInherited":true,"InheritanceHash":"4EA34870D22518D67784FB05289F45F7F06B20F3"},{"PrincipalSID":"S-1-5-21-2481101513-2954867870-2660283483-519","PrincipalType":"Group","RightName":"GenericAll","IsInherited":true,"InheritanceHash":"B3CBAAD0FCA5AF724E0D454825AD8C75DB134ABD"},{"PrincipalSID":"OSCP.EXAM-S-1-5-32-544","PrincipalType":"Group","RightName":"WriteDacl","IsInherited":true,"InheritanceHash":"62C26D4FB3FF64505B03CDD35D648DFBC6C157CC"},{"PrincipalSID":"OSCP.EXAM-S-1-5-32-544","PrincipalType":"Group","RightName":"WriteOwner","IsInherited":true,"InheritanceHash":"62C26D4FB3FF64505B03CDD35D648DFBC6C157CC"},{"PrincipalSID":"OSCP.EXAM-S-1-5-32-544","PrincipalType":"Group","RightName":"GenericWrite","IsInherited":true,"InheritanceHash":"62C26D4FB3FF64505B03CDD35D648DFBC6C157CC"}],"ObjectIdentifier":"S-1-5-21-2481101513-2954867870-2660283483-1138","IsDeleted":false,"IsACLProtected":false,"ContainedBy":{"ObjectIdentifier":"D94C9258-4AA5-42AA-86CB-B6F17A23E6D8","ObjectType":"Container"}},{"Properties":{"domain":"OSCP.EXAM","name":"WS26.OSCP.EXAM","distinguishedname":"CN=WS26,CN=COMPUTERS,DC=OSCP,DC=EXAM","domainsid":"S-1-5-21-2481101513-2954867870-2660283483","samaccountname":"WS26$","haslaps":false,"doesanyacegrantownerrights":false,"doesanyinheritedacegrantownerrights":false,"isaclprotected":false,"whencreated":1728473799,"enabled":true,"unconstraineddelegation":false,"trustedtoauth":false,"isdc":false,"encryptedtextpwdallowed":false,"usedeskeyonly":false,"logonscriptenabled":false,"lockedout":false,"passwordexpired":false,"supportedencryptiontypes":["RC4-HMAC-MD5","AES128-CTS-HMAC-SHA1-96","AES256-CTS-HMAC-SHA1-96"],"lastlogon":1741910179,"lastlogontimestamp":1741906054,"pwdlastset":1741906953,"serviceprincipalnames":["WSMAN/WS26","WSMAN/WS26.oscp.exam","TERMSRV/WS26","TERMSRV/WS26.oscp.exam","RestrictedKrbHost/WS26","HOST/WS26","RestrictedKrbHost/WS26.oscp.exam","HOST/WS26.oscp.exam"],"email":null,"useraccountcontrol":4096,"operatingsystem":"Windows 11 Enterprise","sidhistory":[]},"PrimaryGroupSID":"S-1-5-21-2481101513-2954867870-2660283483-515","AllowedToDelegate":[],"AllowedToAct":[],"HasSIDHistory":[],"DumpSMSAPassword":[],"Sessions":{"Results":[],"Collected":true,"FailureReason":null},"PrivilegedSessions":{"Results":[],"Collected":false,"FailureReason":null},"RegistrySessions":{"Results":[],"Collected":false,"FailureReason":null},"LocalGroups":[{"ObjectIdentifier":"S-1-5-21-2481101513-2954867870-2660283483-1139-579","Name":"ACCESS CONTROL ASSISTANCE OPERATORS@WS26.OSCP.EXAM","Results":[],"LocalNames":[],"Collected":true,"FailureReason":null},{"ObjectIdentifier":"S-1-5-21-2481101513-2954867870-2660283483-1139-544","Name":"ADMINISTRATORS@WS26.OSCP.EXAM","Results":[{"ObjectIdentifier":"S-1-5-21-2481101513-2954867870-2660283483-512","ObjectType":"Group"}],"LocalNames":[],"Collected":true,"FailureReason":null},{"ObjectIdentifier":"S-1-5-21-2481101513-2954867870-2660283483-1139-551","Name":"BACKUP OPERATORS@WS26.OSCP.EXAM","Results":[],"LocalNames":[],"Collected":true,"FailureReason":null},{"ObjectIdentifier":"S-1-5-21-2481101513-2954867870-2660283483-1139-569","Name":"CRYPTOGRAPHIC OPERATORS@WS26.OSCP.EXAM","Results":[],"LocalNames":[],"Collected":true,"FailureReason":null},{"ObjectIdentifier":"S-1-5-21-2481101513-2954867870-2660283483-1139-583","Name":"DEVICE OWNERS@WS26.OSCP.EXAM","Results":[],"LocalNames":[],"Collected":true,"FailureReason":null},{"ObjectIdentifier":"S-1-5-21-2481101513-2954867870-2660283483-1139-562","Name":"DISTRIBUTED COM USERS@WS26.OSCP.EXAM","Results":[],"LocalNames":[],"Collected":true,"FailureReason":null},{"ObjectIdentifier":"S-1-5-21-2481101513-2954867870-2660283483-1139-573","Name":"EVENT LOG READERS@WS26.OSCP.EXAM","Results":[],"LocalNames":[],"Collected":true,"FailureReason":null},{"ObjectIdentifier":"S-1-5-21-2481101513-2954867870-2660283483-1139-546","Name":"GUESTS@WS26.OSCP.EXAM","Results":[],"LocalNames":[],"Collected":true,"FailureReason":null},{"ObjectIdentifier":"S-1-5-21-2481101513-2954867870-2660283483-1139-578","Name":"HYPER-V ADMINISTRATORS@WS26.OSCP.EXAM","Results":[],"LocalNames":[],"Collected":true,"FailureReason":null},{"ObjectIdentifier":"S-1-5-21-2481101513-2954867870-2660283483-1139-568","Name":"IIS_IUSRS@WS26.OSCP.EXAM","Results":[{"ObjectIdentifier":"S-1-5-21-2481101513-2954867870-2660283483-1139-17","ObjectType":"LocalUser"}],"LocalNames":[],"Collected":true,"FailureReason":null},{"ObjectIdentifier":"S-1-5-21-2481101513-2954867870-2660283483-1139-556","Name":"NETWORK CONFIGURATION OPERATORS@WS26.OSCP.EXAM","Results":[],"LocalNames":[],"Collected":true,"FailureReason":null},{"ObjectIdentifier":"S-1-5-21-2481101513-2954867870-2660283483-1139-559","Name":"PERFORMANCE LOG USERS@WS26.OSCP.EXAM","Results":[],"LocalNames":[],"Collected":true,"FailureReason":null},{"ObjectIdentifier":"S-1-5-21-2481101513-2954867870-2660283483-1139-558","Name":"PERFORMANCE MONITOR USERS@WS26.OSCP.EXAM","Results":[],"LocalNames":[],"Collected":true,"FailureReason":null},{"ObjectIdentifier":"S-1-5-21-2481101513-2954867870-2660283483-1139-547","Name":"POWER USERS@WS26.OSCP.EXAM","Results":[],"LocalNames":[],"Collected":true,"FailureReason":null},{"ObjectIdentifier":"S-1-5-21-2481101513-2954867870-2660283483-1139-555","Name":"REMOTE DESKTOP USERS@WS26.OSCP.EXAM","Results":[{"ObjectIdentifier":"S-1-5-21-2481101513-2954867870-2660283483-1106","ObjectType":"User"}],"LocalNames":[],"Collected":true,"FailureReason":null},{"ObjectIdentifier":"S-1-5-21-2481101513-2954867870-2660283483-1139-580","Name":"REMOTE MANAGEMENT USERS@WS26.OSCP.EXAM","Results":[{"ObjectIdentifier":"S-1-5-21-2481101513-2954867870-2660283483-1106","ObjectType":"User"},{"ObjectIdentifier":"S-1-5-21-2481101513-2954867870-2660283483-1105","ObjectType":"User"}],"LocalNames":[],"Collected":true,"FailureReason":null},{"ObjectIdentifier":"S-1-5-21-2481101513-2954867870-2660283483-1139-552","Name":"REPLICATOR@WS26.OSCP.EXAM","Results":[],"LocalNames":[],"Collected":true,"FailureReason":null},{"ObjectIdentifier":"S-1-5-21-2481101513-2954867870-2660283483-1139-581","Name":"SYSTEM MANAGED ACCOUNTS GROUP@WS26.OSCP.EXAM","Results":[],"LocalNames":[],"Collected":true,"FailureReason":null},{"ObjectIdentifier":"S-1-5-21-2481101513-2954867870-2660283483-1139-545","Name":"USERS@WS26.OSCP.EXAM","Results":[{"ObjectIdentifier":"OSCP.EXAM-S-1-5-11","ObjectType":"Group"},{"ObjectIdentifier":"S-1-5-21-2481101513-2954867870-2660283483-513","ObjectType":"Group"}],"LocalNames":[],"Collected":true,"FailureReason":null}],"UserRights":[],"DCRegistryData":{"CertificateMappingMethods":null,"StrongCertificateBindingEnforcement":null},"Status":null,"IsDC":false,"UnconstrainedDelegation":false,"DomainSID":"S-1-5-21-2481101513-2954867870-2660283483","IsWebClientRunning":{"Result":false,"Collected":true,"FailureReason":null},"SmbInfo":{"Result":{"SigningEnabled":false,"OsVersion":"10.0","OsBuild":"22621","DnsComputerName":"WS26.oscp.exam"},"Collected":true,"FailureReason":null},"NtlmSessions":null,"NTLMRegistryData":null,"Aces":[{"PrincipalSID":"S-1-5-21-2481101513-2954867870-2660283483-512","PrincipalType":"Group","RightName":"Owns","IsInherited":false,"InheritanceHash":""},{"PrincipalSID":"OSCP.EXAM-S-1-5-32-548","PrincipalType":"Group","RightName":"GenericAll","IsInherited":false,"InheritanceHash":""},{"PrincipalSID":"S-1-5-21-2481101513-2954867870-2660283483-512","PrincipalType":"Group","RightName":"GenericAll","IsInherited":false,"InheritanceHash":""},{"PrincipalSID":"S-1-5-21-2481101513-2954867870-2660283483-512","PrincipalType":"Group","RightName":"WriteAccountRestrictions","IsInherited":false,"InheritanceHash":""},{"PrincipalSID":"S-1-5-21-2481101513-2954867870-2660283483-526","PrincipalType":"Group","RightName":"AddKeyCredentialLink","IsInherited":true,"InheritanceHash":"3B707254F8B5E19B9CF48937B62E43CEF3426821"},{"PrincipalSID":"S-1-5-21-2481101513-2954867870-2660283483-527","PrincipalType":"Group","RightName":"AddKeyCredentialLink","IsInherited":true,"InheritanceHash":"4EA34870D22518D67784FB05289F45F7F06B20F3"},{"PrincipalSID":"S-1-5-21-2481101513-2954867870-2660283483-519","PrincipalType":"Group","RightName":"GenericAll","IsInherited":true,"InheritanceHash":"B3CBAAD0FCA5AF724E0D454825AD8C75DB134ABD"},{"PrincipalSID":"OSCP.EXAM-S-1-5-32-544","PrincipalType":"Group","RightName":"WriteDacl","IsInherited":true,"InheritanceHash":"62C26D4FB3FF64505B03CDD35D648DFBC6C157CC"},{"PrincipalSID":"OSCP.EXAM-S-1-5-32-544","PrincipalType":"Group","RightName":"WriteOwner","IsInherited":true,"InheritanceHash":"62C26D4FB3FF64505B03CDD35D648DFBC6C157CC"},{"PrincipalSID":"OSCP.EXAM-S-1-5-32-544","PrincipalType":"Group","RightName":"GenericWrite","IsInherited":true,"InheritanceHash":"62C26D4FB3FF64505B03CDD35D648DFBC6C157CC"}],"ObjectIdentifier":"S-1-5-21-2481101513-2954867870-2660283483-1139","IsDeleted":false,"IsACLProtected":false,"ContainedBy":{"ObjectIdentifier":"D94C9258-4AA5-42AA-86CB-B6F17A23E6D8","ObjectType":"Container"}},{"Properties":{"domain":"OSCP.EXAM","name":"DC20.OSCP.EXAM","distinguishedname":"CN=DC20,OU=DOMAIN CONTROLLERS,DC=OSCP,DC=EXAM","domainsid":"S-1-5-21-2481101513-2954867870-2660283483","samaccountname":"DC20$","haslaps":false,"doesanyacegrantownerrights":false,"doesanyinheritedacegrantownerrights":false,"isaclprotected":false,"whencreated":1728472963,"enabled":true,"unconstraineddelegation":true,"trustedtoauth":false,"isdc":true,"encryptedtextpwdallowed":false,"usedeskeyonly":false,"logonscriptenabled":false,"lockedout":false,"passwordexpired":false,"supportedencryptiontypes":["RC4-HMAC-MD5","AES128-CTS-HMAC-SHA1-96","AES256-CTS-HMAC-SHA1-96"],"lastlogon":1741906025,"lastlogontimestamp":1741906013,"pwdlastset":1741906013,"serviceprincipalnames":["Dfsr-12F9A27C-BF97-4787-9364-D31B6C55EB04/DC20.oscp.exam","ldap/DC20.oscp.exam/ForestDnsZones.oscp.exam","ldap/DC20.oscp.exam/DomainDnsZones.oscp.exam","DNS/DC20.oscp.exam","GC/DC20.oscp.exam/oscp.exam","RestrictedKrbHost/DC20.oscp.exam","RestrictedKrbHost/DC20","RPC/917bcf79-cf1b-41a4-bd54-3189e0a7d1e5._msdcs.oscp.exam","HOST/DC20/OSCP","HOST/DC20.oscp.exam/OSCP","HOST/DC20","HOST/DC20.oscp.exam","HOST/DC20.oscp.exam/oscp.exam","E3514235-4B06-11D1-AB04-00C04FC2DCD2/917bcf79-cf1b-41a4-bd54-3189e0a7d1e5/oscp.exam","ldap/DC20/OSCP","ldap/917bcf79-cf1b-41a4-bd54-3189e0a7d1e5._msdcs.oscp.exam","ldap/DC20.oscp.exam/OSCP","ldap/DC20","ldap/DC20.oscp.exam","ldap/DC20.oscp.exam/oscp.exam"],"email":null,"useraccountcontrol":532480,"operatingsystem":"Windows Server 2019 Standard","sidhistory":[],"ldapavailable":true,"ldapsavailable":true,"ldapsepa":true,"ldapsigning":false},"PrimaryGroupSID":"S-1-5-21-2481101513-2954867870-2660283483-516","AllowedToDelegate":[],"AllowedToAct":[],"HasSIDHistory":[],"DumpSMSAPassword":[],"Sessions":{"Results":[],"Collected":false,"FailureReason":"ErrorAccessDenied"},"PrivilegedSessions":{"Results":[],"Collected":false,"FailureReason":null},"RegistrySessions":{"Results":[],"Collected":false,"FailureReason":null},"LocalGroups":[{"ObjectIdentifier":"OSCP.EXAM-S-1-5-32-549","Name":"IGNOREME","Results":[],"LocalNames":[],"Collected":true,"FailureReason":null},{"ObjectIdentifier":"OSCP.EXAM-S-1-5-32-548","Name":"IGNOREME","Results":[],"LocalNames":[],"Collected":true,"FailureReason":null},{"ObjectIdentifier":"OSCP.EXAM-S-1-5-32-554","Name":"IGNOREME","Results":[{"ObjectIdentifier":"OSCP.EXAM-S-1-5-11","ObjectType":"Group"}],"LocalNames":[],"Collected":true,"FailureReason":null},{"ObjectIdentifier":"OSCP.EXAM-S-1-5-32-557","Name":"IGNOREME","Results":[],"LocalNames":[],"Collected":true,"FailureReason":null},{"ObjectIdentifier":"OSCP.EXAM-S-1-5-32-560","Name":"IGNOREME","Results":[{"ObjectIdentifier":"OSCP.EXAM-S-1-5-9","ObjectType":"Group"}],"LocalNames":[],"Collected":true,"FailureReason":null},{"ObjectIdentifier":"OSCP.EXAM-S-1-5-32-561","Name":"IGNOREME","Results":[],"LocalNames":[],"Collected":true,"FailureReason":null},{"ObjectIdentifier":"OSCP.EXAM-S-1-5-32-544","Name":"IGNOREME","Results":[{"ObjectIdentifier":"S-1-5-21-2481101513-2954867870-2660283483-500","ObjectType":"User"},{"ObjectIdentifier":"S-1-5-21-2481101513-2954867870-2660283483-519","ObjectType":"Group"},{"ObjectIdentifier":"S-1-5-21-2481101513-2954867870-2660283483-512","ObjectType":"Group"}],"LocalNames":[],"Collected":true,"FailureReason":null},{"ObjectIdentifier":"OSCP.EXAM-S-1-5-32-545","Name":"IGNOREME","Results":[{"ObjectIdentifier":"OSCP.EXAM-S-1-5-11","ObjectType":"Group"},{"ObjectIdentifier":"S-1-5-21-2481101513-2954867870-2660283483-513","ObjectType":"Group"}],"LocalNames":[],"Collected":true,"FailureReason":null},{"ObjectIdentifier":"OSCP.EXAM-S-1-5-32-546","Name":"IGNOREME","Results":[{"ObjectIdentifier":"S-1-5-21-2481101513-2954867870-2660283483-501","ObjectType":"User"},{"ObjectIdentifier":"S-1-5-21-2481101513-2954867870-2660283483-514","ObjectType":"Group"}],"LocalNames":[],"Collected":true,"FailureReason":null},{"ObjectIdentifier":"OSCP.EXAM-S-1-5-32-550","Name":"IGNOREME","Results":[],"LocalNames":[],"Collected":true,"FailureReason":null},{"ObjectIdentifier":"OSCP.EXAM-S-1-5-32-551","Name":"IGNOREME","Results":[{"ObjectIdentifier":"S-1-5-21-2481101513-2954867870-2660283483-1103","ObjectType":"User"}],"LocalNames":[],"Collected":true,"FailureReason":null},{"ObjectIdentifier":"OSCP.EXAM-S-1-5-32-552","Name":"IGNOREME","Results":[],"LocalNames":[],"Collected":true,"FailureReason":null},{"ObjectIdentifier":"OSCP.EXAM-S-1-5-32-555","Name":"IGNOREME","Results":[],"LocalNames":[],"Collected":true,"FailureReason":null},{"ObjectIdentifier":"OSCP.EXAM-S-1-5-32-556","Name":"IGNOREME","Results":[],"LocalNames":[],"Collected":true,"FailureReason":null},{"ObjectIdentifier":"OSCP.EXAM-S-1-5-32-558","Name":"IGNOREME","Results":[],"LocalNames":[],"Collected":true,"FailureReason":null},{"ObjectIdentifier":"OSCP.EXAM-S-1-5-32-559","Name":"IGNOREME","Results":[],"LocalNames":[],"Collected":true,"FailureReason":null},{"ObjectIdentifier":"OSCP.EXAM-S-1-5-32-562","Name":"IGNOREME","Results":[],"LocalNames":[],"Collected":true,"FailureReason":null},{"ObjectIdentifier":"OSCP.EXAM-S-1-5-32-568","Name":"IGNOREME","Results":[{"ObjectIdentifier":"OSCP.EXAM-S-1-5-17","ObjectType":"User"}],"LocalNames":[],"Collected":true,"FailureReason":null},{"ObjectIdentifier":"OSCP.EXAM-S-1-5-32-569","Name":"IGNOREME","Results":[],"LocalNames":[],"Collected":true,"FailureReason":null},{"ObjectIdentifier":"OSCP.EXAM-S-1-5-32-573","Name":"IGNOREME","Results":[],"LocalNames":[],"Collected":true,"FailureReason":null},{"ObjectIdentifier":"OSCP.EXAM-S-1-5-32-574","Name":"IGNOREME","Results":[],"LocalNames":[],"Collected":true,"FailureReason":null},{"ObjectIdentifier":"OSCP.EXAM-S-1-5-32-575","Name":"IGNOREME","Results":[],"LocalNames":[],"Collected":true,"FailureReason":null},{"ObjectIdentifier":"OSCP.EXAM-S-1-5-32-576","Name":"IGNOREME","Results":[],"LocalNames":[],"Collected":true,"FailureReason":null},{"ObjectIdentifier":"OSCP.EXAM-S-1-5-32-577","Name":"IGNOREME","Results":[],"LocalNames":[],"Collected":true,"FailureReason":null},{"ObjectIdentifier":"OSCP.EXAM-S-1-5-32-578","Name":"IGNOREME","Results":[],"LocalNames":[],"Collected":true,"FailureReason":null},{"ObjectIdentifier":"OSCP.EXAM-S-1-5-32-579","Name":"IGNOREME","Results":[],"LocalNames":[],"Collected":true,"FailureReason":null},{"ObjectIdentifier":"OSCP.EXAM-S-1-5-32-580","Name":"IGNOREME","Results":[{"ObjectIdentifier":"S-1-5-21-2481101513-2954867870-2660283483-1103","ObjectType":"User"}],"LocalNames":[],"Collected":true,"FailureReason":null},{"ObjectIdentifier":"OSCP.EXAM-S-1-5-32-582","Name":"IGNOREME","Results":[],"LocalNames":[],"Collected":true,"FailureReason":null}],"UserRights":[],"DCRegistryData":{"CertificateMappingMethods":null,"StrongCertificateBindingEnforcement":null},"Status":null,"IsDC":true,"UnconstrainedDelegation":true,"DomainSID":"S-1-5-21-2481101513-2954867870-2660283483","IsWebClientRunning":{"Result":false,"Collected":true,"FailureReason":null},"SmbInfo":{"Result":{"SigningEnabled":true,"OsVersion":"10.0","OsBuild":"17763","DnsComputerName":"DC20.oscp.exam"},"Collected":true,"FailureReason":null},"NtlmSessions":null,"NTLMRegistryData":null,"Aces":[{"PrincipalSID":"S-1-5-21-2481101513-2954867870-2660283483-512","PrincipalType":"Group","RightName":"Owns","IsInherited":false,"InheritanceHash":""},{"PrincipalSID":"S-1-5-21-2481101513-2954867870-2660283483-512","PrincipalType":"Group","RightName":"GenericAll","IsInherited":false,"InheritanceHash":""},{"PrincipalSID":"S-1-5-21-2481101513-2954867870-2660283483-512","PrincipalType":"Group","RightName":"WriteAccountRestrictions","IsInherited":false,"InheritanceHash":""},{"PrincipalSID":"S-1-5-21-2481101513-2954867870-2660283483-526","PrincipalType":"Group","RightName":"AddKeyCredentialLink","IsInherited":true,"InheritanceHash":"3B707254F8B5E19B9CF48937B62E43CEF3426821"},{"PrincipalSID":"S-1-5-21-2481101513-2954867870-2660283483-527","PrincipalType":"Group","RightName":"AddKeyCredentialLink","IsInherited":true,"InheritanceHash":"4EA34870D22518D67784FB05289F45F7F06B20F3"},{"PrincipalSID":"S-1-5-21-2481101513-2954867870-2660283483-519","PrincipalType":"Group","RightName":"GenericAll","IsInherited":true,"InheritanceHash":"B3CBAAD0FCA5AF724E0D454825AD8C75DB134ABD"},{"PrincipalSID":"OSCP.EXAM-S-1-5-32-544","PrincipalType":"Group","RightName":"WriteDacl","IsInherited":true,"InheritanceHash":"62C26D4FB3FF64505B03CDD35D648DFBC6C157CC"},{"PrincipalSID":"OSCP.EXAM-S-1-5-32-544","PrincipalType":"Group","RightName":"WriteOwner","IsInherited":true,"InheritanceHash":"62C26D4FB3FF64505B03CDD35D648DFBC6C157CC"},{"PrincipalSID":"OSCP.EXAM-S-1-5-32-544","PrincipalType":"Group","RightName":"GenericWrite","IsInherited":true,"InheritanceHash":"62C26D4FB3FF64505B03CDD35D648DFBC6C157CC"}],"ObjectIdentifier":"S-1-5-21-2481101513-2954867870-2660283483-1000","IsDeleted":false,"IsACLProtected":false,"ContainedBy":{"ObjectIdentifier":"368389EC-D138-42D7-B862-A722378E3522","ObjectType":"OU"}}],"meta":{"methods":7107563,"type":"computers","count":3,"version":6,"collectorversion":"2.6.0.0"}}