{"data":[{"GPOChanges":{"LocalAdmins":[],"RemoteDesktopUsers":[],"DcomUsers":[],"PSRemoteUsers":[],"AffectedComputers":[]},"Properties":{"domain":"OSCP.EXAM","name":"DOMAIN CONTROLLERS@OSCP.EXAM","distinguishedname":"OU=DOMAIN CONTROLLERS,DC=OSCP,DC=EXAM","domainsid":"S-1-5-21-2481101513-2954867870-2660283483","doesanyacegrantownerrights":false,"doesanyinheritedacegrantownerrights":false,"isaclprotected":false,"description":"Default container for domain controllers","whencreated":1728472916,"blocksinheritance":false},"Links":[{"IsEnforced":false,"GUID":"F854998F-CE49-4A1A-A706-5EAACDB0EFCA"}],"ChildObjects":[],"InheritanceHashes":[],"Aces":[{"PrincipalSID":"S-1-5-21-2481101513-2954867870-2660283483-512","PrincipalType":"Group","RightName":"Owns","IsInherited":false,"InheritanceHash":""},{"PrincipalSID":"S-1-5-21-2481101513-2954867870-2660283483-512","PrincipalType":"Group","RightName":"WriteDacl","IsInherited":false,"InheritanceHash":""},{"PrincipalSID":"S-1-5-21-2481101513-2954867870-2660283483-512","PrincipalType":"Group","RightName":"WriteOwner","IsInherited":false,"InheritanceHash":""},{"PrincipalSID":"S-1-5-21-2481101513-2954867870-2660283483-512","PrincipalType":"Group","RightName":"GenericWrite","IsInherited":false,"InheritanceHash":""},{"PrincipalSID":"S-1-5-21-2481101513-2954867870-2660283483-519","PrincipalType":"Group","RightName":"GenericAll","IsInherited":true,"InheritanceHash":"B3CBAAD0FCA5AF724E0D454825AD8C75DB134ABD"},{"PrincipalSID":"OSCP.EXAM-S-1-5-32-544","PrincipalType":"Group","RightName":"WriteDacl","IsInherited":true,"InheritanceHash":"62C26D4FB3FF64505B03CDD35D648DFBC6C157CC"},{"PrincipalSID":"OSCP.EXAM-S-1-5-32-544","PrincipalType":"Group","RightName":"WriteOwner","IsInherited":true,"InheritanceHash":"62C26D4FB3FF64505B03CDD35D648DFBC6C157CC"},{"PrincipalSID":"OSCP.EXAM-S-1-5-32-544","PrincipalType":"Group","RightName":"GenericWrite","IsInherited":true,"InheritanceHash":"62C26D4FB3FF64505B03CDD35D648DFBC6C157CC"}],"ObjectIdentifier":"368389EC-D138-42D7-B862-A722378E3522","IsDeleted":false,"IsACLProtected":false,"ContainedBy":{"ObjectIdentifier":"S-1-5-21-2481101513-2954867870-2660283483","ObjectType":"Domain"}}],"meta":{"methods":7107563,"type":"ous","count":1,"version":6,"collectorversion":"2.6.0.0"}}